,Max_CTE,Min_TLC,RMS_Jerk_Long,RMS_Jerk_Lat,Max_Jerk_Long,Max_Jerk_Lat,Total_Evasions,LDR_Percent
u_sun_alt,5.3582256153520684e-08,0.3742883827120791,0.8466653733797733,0.5927534974028055,0.5026043144721749,0.04321100425521251,0.0014507236419765471,0.0012079783535759805
u_clouds,0.8783576716271633,0.3366021364144061,0.07839706570575797,0.644725867505781,0.6416260229376695,0.006680672065229485,0.1720976252342005,0.15759046762117782
u_rain,0.5096888758870612,0.9784078068503903,0.39162690757391766,0.42028765720209194,0.8371558354641847,0.9228279387992686,0.9601153209415278,0.8760204355135414
u_wetness,3.5952490540697046e-06,0.00024244031592650614,0.7592230472858673,0.2470127405632464,0.012042434157555144,0.01999389394077597,5.775272688532984e-06,7.959144618052623e-06
u_fog_den,0.442526942375743,0.8085672549955804,0.18607093780673092,0.548260222169235,0.8255032164724493,0.8703916904176109,0.45816812811054963,0.315481830917579
